sensor_id,equipment_id
SNR-01002,EQP-00001
SNR-00454,EQP-00002
SNR-01128,EQP-00002
SNR-00125,EQP-00003
SNR-00078,EQP-00004
SNR-00605,EQP-00004
SNR-00538,EQP-00004
SNR-00569,EQP-00005
SNR-00999,EQP-00006
SNR-00666,EQP-00006
SNR-00158,EQP-00007
SNR-00288,EQP-00008
SNR-00028,EQP-00008
SNR-00265,EQP-00009
SNR-01163,EQP-00009
SNR-00654,EQP-00010
SNR-01014,EQP-00010
SNR-00393,EQP-00011
SNR-00330,EQP-00012
SNR-00423,EQP-00012
SNR-00707,EQP-00013
SNR-00746,EQP-00013
SNR-00436,EQP-00013
SNR-01139,EQP-00014
SNR-00577,EQP-00014
SNR-00287,EQP-00015
SNR-00444,EQP-00015
SNR-01009,EQP-00015
SNR-00269,EQP-00016
SNR-00157,EQP-00016
SNR-00547,EQP-00017
SNR-00056,EQP-00017
SNR-01155,EQP-00018
SNR-01146,EQP-00018
SNR-00228,EQP-00018
SNR-01090,EQP-00019
SNR-00716,EQP-00019
SNR-00788,EQP-00020
SNR-00555,EQP-00020
SNR-00802,EQP-00021
SNR-00115,EQP-00021
SNR-00676,EQP-00022
SNR-01052,EQP-00023
SNR-00705,EQP-00024
SNR-00926,EQP-00024
SNR-01028,EQP-00025
SNR-00878,EQP-00026
SNR-00560,EQP-00027
SNR-00996,EQP-00027
SNR-00929,EQP-00027
SNR-00455,EQP-00028
SNR-00350,EQP-00029
SNR-01117,EQP-00030
SNR-00991,EQP-00030
SNR-01194,EQP-00031
SNR-00647,EQP-00032
SNR-00939,EQP-00032
SNR-00487,EQP-00033
SNR-00876,EQP-00033
SNR-00875,EQP-00034
SNR-00304,EQP-00035
SNR-00977,EQP-00035
SNR-00295,EQP-00036
SNR-00806,EQP-00036
SNR-00519,EQP-00036
SNR-00700,EQP-00037
SNR-01073,EQP-00037
SNR-01050,EQP-00038
SNR-00719,EQP-00038
SNR-00979,EQP-00039
SNR-00130,EQP-00039
SNR-00259,EQP-00040
SNR-00687,EQP-00040
SNR-00607,EQP-00041
SNR-00016,EQP-00041
SNR-00241,EQP-00041
SNR-00307,EQP-00042
SNR-00343,EQP-00043
SNR-00294,EQP-00044
SNR-00365,EQP-00045
SNR-00179,EQP-00046
SNR-01160,EQP-00047
SNR-00785,EQP-00047
SNR-01083,EQP-00048
SNR-00982,EQP-00048
SNR-00628,EQP-00049
SNR-00033,EQP-00049
SNR-00010,EQP-00049
SNR-00131,EQP-00050
SNR-00530,EQP-00051
SNR-00980,EQP-00051
SNR-01164,EQP-00051
SNR-00994,EQP-00052
SNR-01151,EQP-00052
SNR-00112,EQP-00053
SNR-00678,EQP-00053
SNR-00984,EQP-00053
SNR-00914,EQP-00054
SNR-00467,EQP-00055
SNR-00128,EQP-00055
SNR-00020,EQP-00055
SNR-00930,EQP-00056
SNR-00448,EQP-00057
SNR-00534,EQP-00057
SNR-00655,EQP-00057
SNR-00596,EQP-00058
SNR-00754,EQP-00058
SNR-00892,EQP-00059
SNR-00133,EQP-00060
SNR-01188,EQP-00061
SNR-00664,EQP-00061
SNR-00405,EQP-00062
SNR-01187,EQP-00063
SNR-00227,EQP-00064
SNR-00114,EQP-00065
SNR-00419,EQP-00065
SNR-00921,EQP-00065
SNR-00548,EQP-00066
SNR-00506,EQP-00067
SNR-00697,EQP-00067
SNR-00916,EQP-00067
SNR-00761,EQP-00068
SNR-00329,EQP-00069
SNR-00965,EQP-00069
SNR-01007,EQP-00069
SNR-00711,EQP-00070
SNR-00896,EQP-00070
SNR-00727,EQP-00071
SNR-00245,EQP-00072
SNR-00752,EQP-00072
SNR-00618,EQP-00072
SNR-00587,EQP-00073
SNR-00414,EQP-00074
SNR-00055,EQP-00075
SNR-01121,EQP-00076
SNR-00327,EQP-00077
SNR-00580,EQP-00077
SNR-00232,EQP-00078
SNR-00976,EQP-00079
SNR-01021,EQP-00080
SNR-00409,EQP-00080
SNR-00249,EQP-00081
SNR-01120,EQP-00082
SNR-00694,EQP-00082
SNR-00438,EQP-00083
SNR-00820,EQP-00084
SNR-00278,EQP-00084
SNR-00950,EQP-00085
SNR-00539,EQP-00086
SNR-00829,EQP-00086
SNR-00573,EQP-00086
SNR-00888,EQP-00087
SNR-00137,EQP-00088
SNR-00844,EQP-00089
SNR-00380,EQP-00089
SNR-00517,EQP-00089
SNR-00171,EQP-00090
SNR-01054,EQP-00090
SNR-01018,EQP-00091
SNR-00699,EQP-00092
SNR-00035,EQP-00092
SNR-00706,EQP-00093
SNR-01037,EQP-00093
SNR-01098,EQP-00094
SNR-00302,EQP-00094
SNR-01166,EQP-00095
SNR-00428,EQP-00095
SNR-00375,EQP-00095
SNR-00909,EQP-00096
SNR-01034,EQP-00097
SNR-00217,EQP-00097
SNR-00869,EQP-00097
SNR-00847,EQP-00098
SNR-00006,EQP-00099
SNR-01135,EQP-00099
SNR-01109,EQP-00100
SNR-00464,EQP-00100
SNR-00132,EQP-00100
SNR-00453,EQP-00101
SNR-00149,EQP-00101
SNR-00658,EQP-00101
SNR-00561,EQP-00102
SNR-00477,EQP-00102
SNR-00790,EQP-00103
SNR-00279,EQP-00103
SNR-00825,EQP-00104
SNR-00430,EQP-00104
SNR-00810,EQP-00105
SNR-00195,EQP-00106
SNR-00816,EQP-00106
SNR-00216,EQP-00107
SNR-00384,EQP-00108
SNR-00116,EQP-00109
SNR-00772,EQP-00110
SNR-00843,EQP-00111
SNR-00574,EQP-00112
SNR-01179,EQP-00112
SNR-00857,EQP-00113
SNR-00126,EQP-00114
SNR-01174,EQP-00114
SNR-00901,EQP-00114
SNR-00898,EQP-00115
SNR-00698,EQP-00115
SNR-00541,EQP-00116
SNR-00271,EQP-00116
SNR-01025,EQP-00117
SNR-00169,EQP-00117
SNR-00396,EQP-00117
SNR-00886,EQP-00118
SNR-01069,EQP-00119
SNR-00299,EQP-00120
SNR-00000,EQP-00120
SNR-00068,EQP-00120
SNR-00897,EQP-00121
SNR-00969,EQP-00122
SNR-00800,EQP-00122
SNR-00358,EQP-00123
SNR-00900,EQP-00124
SNR-00662,EQP-00125
SNR-00838,EQP-00125
SNR-00545,EQP-00126
SNR-01026,EQP-00127
SNR-00673,EQP-00128
SNR-01095,EQP-00129
SNR-00880,EQP-00129
SNR-00032,EQP-00129
SNR-00845,EQP-00130
SNR-01020,EQP-00131
SNR-00368,EQP-00132
SNR-00351,EQP-00132
SNR-00386,EQP-00133
SNR-00890,EQP-00134
SNR-00044,EQP-00134
SNR-00789,EQP-00135
SNR-00146,EQP-00136
SNR-01189,EQP-00136
SNR-00242,EQP-00137
SNR-00103,EQP-00137
SNR-00677,EQP-00138
SNR-00583,EQP-00139
SNR-00086,EQP-00140
SNR-00009,EQP-00141
SNR-00786,EQP-00141
SNR-00355,EQP-00142
SNR-00668,EQP-00142
SNR-00292,EQP-00143
SNR-00850,EQP-00144
SNR-01169,EQP-00145
SNR-00144,EQP-00145
SNR-00679,EQP-00146
SNR-00160,EQP-00146
SNR-00323,EQP-00147
SNR-00336,EQP-00148
SNR-00641,EQP-00148
SNR-00762,EQP-00149
SNR-00682,EQP-00150
SNR-00775,EQP-00150
SNR-01107,EQP-00150
SNR-00608,EQP-00151
SNR-00263,EQP-00151
SNR-00450,EQP-00151
SNR-01168,EQP-00152
SNR-00066,EQP-00152
SNR-00670,EQP-00153
SNR-00529,EQP-00154
SNR-00690,EQP-00155
SNR-00946,EQP-00156
SNR-01116,EQP-00157
SNR-00893,EQP-00157
SNR-00451,EQP-00157
SNR-00273,EQP-00158
SNR-00194,EQP-00158
SNR-00576,EQP-00158
SNR-01108,EQP-00159
SNR-00510,EQP-00160
SNR-00570,EQP-00161
SNR-00585,EQP-00162
SNR-00593,EQP-00162
SNR-00465,EQP-00163
SNR-00400,EQP-00164
SNR-00403,EQP-00165
SNR-00498,EQP-00165
SNR-00060,EQP-00166
SNR-00714,EQP-00166
SNR-01082,EQP-00167
SNR-00199,EQP-00168
SNR-00201,EQP-00168
SNR-00852,EQP-00169
SNR-01036,EQP-00170
SNR-00344,EQP-00171
SNR-00420,EQP-00171
SNR-01197,EQP-00171
SNR-00381,EQP-00172
SNR-01081,EQP-00172
SNR-00408,EQP-00173
SNR-00925,EQP-00173
SNR-00639,EQP-00174
SNR-01053,EQP-00175
SNR-00219,EQP-00175
SNR-00753,EQP-00175
SNR-00178,EQP-00176
SNR-00839,EQP-00176
SNR-00803,EQP-00176
SNR-01142,EQP-00177
SNR-01153,EQP-00177
SNR-01181,EQP-00178
SNR-00648,EQP-00179
SNR-00140,EQP-00179
SNR-00318,EQP-00180
SNR-00152,EQP-00181
SNR-00354,EQP-00181
SNR-00528,EQP-00181
SNR-01102,EQP-00182
SNR-00721,EQP-00182
SNR-00796,EQP-00183
SNR-00998,EQP-00184
SNR-00861,EQP-00184
SNR-00819,EQP-00185
SNR-00382,EQP-00185
SNR-00842,EQP-00186
SNR-01005,EQP-00186
SNR-00490,EQP-00186
SNR-00469,EQP-00187
SNR-00011,EQP-00188
SNR-00809,EQP-00188
SNR-00935,EQP-00189
SNR-00324,EQP-00189
SNR-01055,EQP-00189
SNR-01066,EQP-00190
SNR-00447,EQP-00191
SNR-00437,EQP-00192
SNR-00023,EQP-00192
SNR-00440,EQP-00192
SNR-00080,EQP-00193
SNR-00514,EQP-00193
SNR-00502,EQP-00194
SNR-01080,EQP-00195
SNR-00339,EQP-00195
SNR-00693,EQP-00195
SNR-00554,EQP-00196
SNR-00416,EQP-00197
SNR-00346,EQP-00198
SNR-00063,EQP-00199
SNR-00964,EQP-00199
SNR-00942,EQP-00200
SNR-00264,EQP-00201
SNR-00750,EQP-00201
SNR-00683,EQP-00201
SNR-00732,EQP-00202
SNR-00913,EQP-00203
SNR-01087,EQP-00204
SNR-00347,EQP-00204
SNR-00860,EQP-00204
SNR-00771,EQP-00205
SNR-00948,EQP-00205
SNR-00692,EQP-00206
SNR-00045,EQP-00207
SNR-00763,EQP-00208
SNR-00285,EQP-00209
SNR-00180,EQP-00209
SNR-00958,EQP-00210
SNR-00526,EQP-00211
SNR-00207,EQP-00211
SNR-00968,EQP-00212
SNR-00591,EQP-00212
SNR-00745,EQP-00213
SNR-01068,EQP-00214
SNR-00497,EQP-00214
SNR-01013,EQP-00214
SNR-00378,EQP-00215
SNR-00337,EQP-00216
SNR-00769,EQP-00217
SNR-00065,EQP-00217
SNR-00626,EQP-00218
SNR-01033,EQP-00218
SNR-00575,EQP-00219
SNR-00198,EQP-00219
SNR-00748,EQP-00220
SNR-00606,EQP-00220
SNR-00370,EQP-00220
SNR-01172,EQP-00221
SNR-01167,EQP-00222
SNR-00441,EQP-00222
SNR-00052,EQP-00222
SNR-01065,EQP-00223
SNR-00331,EQP-00224
SNR-00801,EQP-00224
SNR-01043,EQP-00225
SNR-00520,EQP-00225
SNR-00633,EQP-00225
SNR-00093,EQP-00226
SNR-00253,EQP-00227
SNR-00392,EQP-00227
SNR-00238,EQP-00228
SNR-00067,EQP-00229
SNR-00553,EQP-00229
SNR-00293,EQP-00230
SNR-00987,EQP-00230
SNR-00798,EQP-00231
SNR-00439,EQP-00232
SNR-00446,EQP-00233
SNR-01154,EQP-00233
SNR-00166,EQP-00234
SNR-00951,EQP-00235
SNR-00990,EQP-00236
SNR-01159,EQP-00236
SNR-00187,EQP-00236
SNR-01141,EQP-00237
SNR-00267,EQP-00237
SNR-00087,EQP-00238
SNR-00908,EQP-00239
SNR-01144,EQP-00240
SNR-00524,EQP-00240
SNR-00486,EQP-00241
SNR-01051,EQP-00241
SNR-00300,EQP-00242
SNR-00594,EQP-00243
SNR-00737,EQP-00244
SNR-00757,EQP-00245
SNR-01016,EQP-00245
SNR-00613,EQP-00246
SNR-00043,EQP-00247
SNR-01150,EQP-00248
SNR-00021,EQP-00248
SNR-00062,EQP-00248
SNR-01158,EQP-00249
SNR-00138,EQP-00250
SNR-00645,EQP-00250
SNR-00196,EQP-00251
SNR-00525,EQP-00252
SNR-00367,EQP-00253
SNR-00978,EQP-00253
SNR-01094,EQP-00254
SNR-00193,EQP-00255
SNR-00927,EQP-00255
SNR-01093,EQP-00255
SNR-00808,EQP-00256
SNR-00076,EQP-00256
SNR-00399,EQP-00257
SNR-01176,EQP-00258
SNR-00764,EQP-00259
SNR-01185,EQP-00259
SNR-00747,EQP-00260
SNR-01029,EQP-00260
SNR-00402,EQP-00260
SNR-00631,EQP-00261
SNR-00135,EQP-00261
SNR-00627,EQP-00261
SNR-00306,EQP-00262
SNR-00373,EQP-00263
SNR-00997,EQP-00264
SNR-00332,EQP-00265
SNR-00629,EQP-00266
SNR-00308,EQP-00267
SNR-00168,EQP-00268
SNR-01104,EQP-00268
SNR-01137,EQP-00269
SNR-00320,EQP-00269
SNR-00189,EQP-00270
SNR-00200,EQP-00270
SNR-00912,EQP-00271
SNR-01059,EQP-00271
SNR-00225,EQP-00272
SNR-00967,EQP-00273
SNR-01175,EQP-00273
SNR-00551,EQP-00274
SNR-00604,EQP-00275
SNR-00432,EQP-00275
SNR-00387,EQP-00276
SNR-00503,EQP-00277
SNR-00395,EQP-00278
SNR-00333,EQP-00279
SNR-01006,EQP-00280
SNR-00150,EQP-00280
SNR-00649,EQP-00281
SNR-00231,EQP-00282
SNR-00165,EQP-00282
SNR-01096,EQP-00283
SNR-00335,EQP-00284
SNR-00476,EQP-00285
SNR-00903,EQP-00286
SNR-00481,EQP-00286
SNR-00884,EQP-00287
SNR-00653,EQP-00288
SNR-01022,EQP-00289
SNR-00374,EQP-00290
SNR-00036,EQP-00291
SNR-00740,EQP-00291
SNR-00881,EQP-00291
SNR-00037,EQP-00292
SNR-00685,EQP-00293
SNR-01157,EQP-00294
SNR-00815,EQP-00295
SNR-00360,EQP-00295
SNR-00581,EQP-00295
SNR-00544,EQP-00296
SNR-00301,EQP-00297
SNR-01092,EQP-00297
SNR-00361,EQP-00298
SNR-00578,EQP-00299
SNR-00595,EQP-00300
SNR-00303,EQP-00300
SNR-00290,EQP-00301
SNR-01000,EQP-00301
SNR-00811,EQP-00301
SNR-00610,EQP-00302
SNR-01003,EQP-00303
SNR-01015,EQP-00303
SNR-01126,EQP-00304
SNR-00855,EQP-00304
SNR-01198,EQP-00305
SNR-00739,EQP-00305
SNR-00851,EQP-00305
SNR-00559,EQP-00306
SNR-00296,EQP-00307
SNR-00828,EQP-00308
SNR-00590,EQP-00309
SNR-00588,EQP-00309
SNR-01024,EQP-00310
SNR-00471,EQP-00310
SNR-00092,EQP-00311
SNR-00836,EQP-00312
SNR-00564,EQP-00313
SNR-00774,EQP-00313
SNR-01140,EQP-00314
SNR-00962,EQP-00315
SNR-00427,EQP-00315
SNR-00047,EQP-00316
SNR-00864,EQP-00316
SNR-01023,EQP-00317
SNR-01149,EQP-00318
SNR-00859,EQP-00318
SNR-00426,EQP-00319
SNR-00089,EQP-00320
SNR-00557,EQP-00320
SNR-00523,EQP-00321
SNR-00866,EQP-00322
SNR-00780,EQP-00323
SNR-00552,EQP-00323
SNR-00357,EQP-00323
SNR-00102,EQP-00324
SNR-01079,EQP-00324
SNR-00513,EQP-00325
SNR-01041,EQP-00326
SNR-00226,EQP-00327
SNR-00589,EQP-00328
SNR-00779,EQP-00329
SNR-00148,EQP-00329
SNR-00920,EQP-00330
SNR-00667,EQP-00330
SNR-00848,EQP-00331
SNR-00100,EQP-00332
SNR-01143,EQP-00332
SNR-01124,EQP-00333
SNR-00516,EQP-00333
SNR-00034,EQP-00333
SNR-00793,EQP-00334
SNR-00018,EQP-00335
SNR-00491,EQP-00336
SNR-01086,EQP-00336
SNR-01039,EQP-00337
SNR-00083,EQP-00338
SNR-00363,EQP-00338
SNR-00550,EQP-00339
SNR-00091,EQP-00340
SNR-00145,EQP-00341
SNR-00512,EQP-00342
SNR-00867,EQP-00342
SNR-01125,EQP-00342
SNR-00458,EQP-00343
SNR-01162,EQP-00344
SNR-00834,EQP-00345
SNR-01085,EQP-00346
SNR-00827,EQP-00346
SNR-00388,EQP-00346
SNR-00722,EQP-00347
SNR-00027,EQP-00348
SNR-00005,EQP-00348
SNR-00609,EQP-00349
SNR-00642,EQP-00350
SNR-00124,EQP-00350
SNR-00094,EQP-00350
SNR-00494,EQP-00351
SNR-00778,EQP-00351
SNR-00141,EQP-00351
SNR-01191,EQP-00352
SNR-00482,EQP-00353
SNR-00208,EQP-00354
SNR-00411,EQP-00355
SNR-00795,EQP-00355
SNR-00902,EQP-00356
SNR-00142,EQP-00357
SNR-00210,EQP-00357
SNR-00831,EQP-00357
SNR-00418,EQP-00358
SNR-00734,EQP-00358
SNR-00205,EQP-00359
SNR-00280,EQP-00360
SNR-00262,EQP-00361
SNR-01113,EQP-00362
SNR-01111,EQP-00363
SNR-00743,EQP-00364
SNR-00970,EQP-00364
SNR-00325,EQP-00364
SNR-00889,EQP-00365
SNR-00313,EQP-00366
SNR-01106,EQP-00367
SNR-00508,EQP-00367
SNR-00362,EQP-00368
SNR-01071,EQP-00368
SNR-00314,EQP-00369
SNR-00572,EQP-00370
SNR-00151,EQP-00370
SNR-00663,EQP-00370
SNR-00616,EQP-00371
SNR-00617,EQP-00372
SNR-00008,EQP-00373
SNR-00096,EQP-00373
SNR-00840,EQP-00373
SNR-00592,EQP-00374
SNR-00637,EQP-00374
SNR-00038,EQP-00374
SNR-00341,EQP-00375
SNR-01122,EQP-00375
SNR-00509,EQP-00376
SNR-00326,EQP-00377
SNR-00932,EQP-00378
SNR-00652,EQP-00378
SNR-00118,EQP-00379
SNR-00718,EQP-00380
SNR-00566,EQP-00381
SNR-00291,EQP-00381
SNR-00352,EQP-00382
SNR-00110,EQP-00383
SNR-00918,EQP-00384
SNR-00567,EQP-00384
SNR-00345,EQP-00384
SNR-00298,EQP-00385
SNR-00988,EQP-00386
SNR-01046,EQP-00386
SNR-00095,EQP-00386
SNR-00485,EQP-00387
SNR-00383,EQP-00388
SNR-00830,EQP-00389
SNR-00379,EQP-00390
SNR-00975,EQP-00391
SNR-00338,EQP-00392
SNR-00412,EQP-00393
SNR-00031,EQP-00394
SNR-00215,EQP-00395
SNR-01012,EQP-00396
SNR-00856,EQP-00396
SNR-01010,EQP-00397
SNR-00924,EQP-00398
SNR-00147,EQP-00399
SNR-00854,EQP-00399
SNR-00077,EQP-00399
SNR-01084,EQP-00400
SNR-01123,EQP-00400
SNR-00659,EQP-00401
SNR-00223,EQP-00402
SNR-00871,EQP-00402
SNR-00270,EQP-00403
SNR-00480,EQP-00404
SNR-00398,EQP-00405
SNR-00188,EQP-00405
SNR-00449,EQP-00405
SNR-00853,EQP-00406
SNR-00949,EQP-00407
SNR-00695,EQP-00407
SNR-01178,EQP-00408
SNR-00963,EQP-00409
SNR-00636,EQP-00409
SNR-00507,EQP-00409
SNR-00533,EQP-00410
SNR-00153,EQP-00411
SNR-00813,EQP-00411
SNR-00625,EQP-00411
SNR-00504,EQP-00412
SNR-00565,EQP-00412
SNR-01027,EQP-00413
SNR-00805,EQP-00414
SNR-00759,EQP-00414
SNR-00085,EQP-00415
SNR-01064,EQP-00415
SNR-00127,EQP-00416
SNR-00235,EQP-00416
SNR-00730,EQP-00417
SNR-01138,EQP-00418
SNR-00015,EQP-00419
SNR-00462,EQP-00419
SNR-00712,EQP-00420
SNR-00894,EQP-00421
SNR-00675,EQP-00422
SNR-01001,EQP-00422
SNR-01060,EQP-00423
SNR-00317,EQP-00424
SNR-00088,EQP-00425
SNR-00429,EQP-00425
SNR-00597,EQP-00426
SNR-00014,EQP-00426
SNR-00209,EQP-00427
SNR-00744,EQP-00427
SNR-00661,EQP-00427
SNR-00981,EQP-00428
SNR-00206,EQP-00428
SNR-00106,EQP-00428
SNR-00212,EQP-00429
SNR-00905,EQP-00429
SNR-00070,EQP-00430
SNR-00891,EQP-00431
SNR-00638,EQP-00432
SNR-00680,EQP-00432
SNR-01076,EQP-00433
SNR-00277,EQP-00433
SNR-00111,EQP-00433
SNR-01072,EQP-00434
SNR-01132,EQP-00435
SNR-00691,EQP-00435
SNR-00910,EQP-00435
SNR-00736,EQP-00436
SNR-00630,EQP-00436
SNR-00556,EQP-00437
SNR-01008,EQP-00437
SNR-00741,EQP-00438
SNR-00773,EQP-00439
SNR-00724,EQP-00440
SNR-00224,EQP-00440
SNR-00656,EQP-00441
SNR-00792,EQP-00442
SNR-00159,EQP-00442
SNR-01193,EQP-00443
SNR-00726,EQP-00443
SNR-00050,EQP-00444
SNR-01040,EQP-00444
SNR-00989,EQP-00445
SNR-00601,EQP-00446
SNR-00376,EQP-00447
SNR-00001,EQP-00447
SNR-00134,EQP-00447
SNR-00058,EQP-00448
SNR-01136,EQP-00448
SNR-00756,EQP-00449
SNR-00696,EQP-00449
SNR-00012,EQP-00450
SNR-00558,EQP-00450
SNR-00211,EQP-00451
SNR-00173,EQP-00451
SNR-00214,EQP-00452
SNR-00024,EQP-00452
SNR-00877,EQP-00452
SNR-00233,EQP-00453
SNR-00319,EQP-00453
SNR-00172,EQP-00454
SNR-00689,EQP-00454
SNR-01097,EQP-00454
SNR-00602,EQP-00455
SNR-00316,EQP-00455
SNR-00917,EQP-00456
SNR-01063,EQP-00456
SNR-00222,EQP-00456
SNR-00715,EQP-00457
SNR-00540,EQP-00458
SNR-00511,EQP-00459
SNR-01147,EQP-00460
SNR-01035,EQP-00461
SNR-01057,EQP-00461
SNR-00713,EQP-00461
SNR-00377,EQP-00462
SNR-00612,EQP-00463
SNR-00394,EQP-00464
SNR-00260,EQP-00465
SNR-00248,EQP-00465
SNR-00105,EQP-00466
SNR-00954,EQP-00467
SNR-00104,EQP-00468
SNR-00804,EQP-00469
SNR-01011,EQP-00470
SNR-00470,EQP-00470
SNR-00644,EQP-00470
SNR-00460,EQP-00471
SNR-00863,EQP-00472
SNR-00885,EQP-00473
SNR-00390,EQP-00474
SNR-00483,EQP-00474
SNR-00401,EQP-00475
SNR-00765,EQP-00475
SNR-01044,EQP-00476
SNR-00814,EQP-00476
SNR-00041,EQP-00476
SNR-00492,EQP-00477
SNR-00369,EQP-00478
SNR-00109,EQP-00479
SNR-00359,EQP-00479
SNR-00176,EQP-00480
SNR-00835,EQP-00481
SNR-00431,EQP-00481
SNR-01118,EQP-00482
SNR-00422,EQP-00482
SNR-00475,EQP-00482
SNR-00733,EQP-00483
SNR-00488,EQP-00484
SNR-00049,EQP-00484
SNR-00246,EQP-00484
SNR-00738,EQP-00485
SNR-00061,EQP-00485
SNR-01133,EQP-00486
SNR-01032,EQP-00487
SNR-00013,EQP-00488
SNR-01196,EQP-00488
SNR-00042,EQP-00489
SNR-01047,EQP-00490
SNR-00421,EQP-00491
SNR-00600,EQP-00491
SNR-01129,EQP-00492
SNR-01180,EQP-00493
SNR-00615,EQP-00493
SNR-00501,EQP-00494
SNR-00322,EQP-00494
SNR-00586,EQP-00495
SNR-00635,EQP-00496
SNR-01170,EQP-00497
SNR-00879,EQP-00498
SNR-00342,EQP-00499
SNR-00568,EQP-00499
SNR-00244,EQP-00500
SNR-00812,EQP-00501
SNR-00489,EQP-00502
SNR-01048,EQP-00502
SNR-00161,EQP-00502
SNR-00710,EQP-00503
SNR-00735,EQP-00504
SNR-00415,EQP-00505
SNR-00824,EQP-00505
SNR-00039,EQP-00505
SNR-01127,EQP-00506
SNR-00190,EQP-00507
SNR-00986,EQP-00507
SNR-00493,EQP-00507
SNR-00371,EQP-00508
SNR-00107,EQP-00508
SNR-00766,EQP-00509
SNR-01110,EQP-00510
SNR-00084,EQP-00511
SNR-00933,EQP-00511
SNR-00651,EQP-00512
SNR-00787,EQP-00512
SNR-00966,EQP-00513
SNR-01070,EQP-00513
SNR-00048,EQP-00513
SNR-00282,EQP-00514
SNR-00445,EQP-00515
SNR-00129,EQP-00515
SNR-00899,EQP-00516
SNR-01148,EQP-00517
SNR-00310,EQP-00517
SNR-00203,EQP-00518
SNR-00311,EQP-00519
SNR-00671,EQP-00519
SNR-00121,EQP-00520
SNR-00985,EQP-00520
SNR-00858,EQP-00520
SNR-00955,EQP-00521
SNR-00865,EQP-00521
SNR-00098,EQP-00522
SNR-00340,EQP-00522
SNR-00598,EQP-00523
SNR-00665,EQP-00524
SNR-00599,EQP-00524
SNR-00191,EQP-00525
SNR-00674,EQP-00526
SNR-00236,EQP-00527
SNR-01134,EQP-00527
SNR-00254,EQP-00528
SNR-00155,EQP-00529
SNR-00701,EQP-00530
SNR-00640,EQP-00531
SNR-00657,EQP-00532
SNR-00243,EQP-00532
SNR-00823,EQP-00533
SNR-00122,EQP-00533
SNR-00268,EQP-00534
SNR-00672,EQP-00534
SNR-00007,EQP-00535
SNR-01195,EQP-00535
SNR-00818,EQP-00536
SNR-00474,EQP-00537
SNR-00624,EQP-00537
SNR-01067,EQP-00538
SNR-00940,EQP-00538
SNR-00826,EQP-00539
SNR-01199,EQP-00539
SNR-00781,EQP-00540
SNR-00849,EQP-00540
SNR-00983,EQP-00541
SNR-00097,EQP-00542
SNR-00874,EQP-00543
SNR-00957,EQP-00544
SNR-00821,EQP-00545
SNR-00919,EQP-00546
SNR-00136,EQP-00547
SNR-00549,EQP-00547
SNR-00895,EQP-00548
SNR-00074,EQP-00548
SNR-00174,EQP-00549
SNR-00614,EQP-00549
SNR-00239,EQP-00550
SNR-00952,EQP-00550
SNR-00995,EQP-00551
SNR-00059,EQP-00551
SNR-00931,EQP-00551
SNR-00079,EQP-00552
SNR-00025,EQP-00553
SNR-00457,EQP-00553
SNR-01061,EQP-00553
SNR-00002,EQP-00554
SNR-00183,EQP-00555
SNR-00841,EQP-00555
SNR-00478,EQP-00555
SNR-00315,EQP-00556
SNR-01131,EQP-00556
SNR-01088,EQP-00557
SNR-00742,EQP-00557
SNR-00256,EQP-00558
SNR-00729,EQP-00559
SNR-00192,EQP-00559
SNR-00770,EQP-00560
SNR-01171,EQP-00560
SNR-01182,EQP-00561
SNR-01165,EQP-00562
SNR-00862,EQP-00562
SNR-01031,EQP-00563
SNR-00907,EQP-00564
SNR-01177,EQP-00564
SNR-00252,EQP-00565
SNR-00937,EQP-00566
SNR-00543,EQP-00567
SNR-00782,EQP-00568
SNR-00286,EQP-00568
SNR-00099,EQP-00569
SNR-00837,EQP-00569
SNR-00071,EQP-00569
SNR-00725,EQP-00570
SNR-00255,EQP-00570
SNR-01077,EQP-00571
SNR-00582,EQP-00571
SNR-00328,EQP-00571
SNR-01062,EQP-00572
SNR-01105,EQP-00572
SNR-00537,EQP-00572
SNR-00389,EQP-00573
SNR-00349,EQP-00574
SNR-01019,EQP-00574
SNR-00807,EQP-00574
SNR-00119,EQP-00575
SNR-00156,EQP-00575
SNR-00385,EQP-00576
SNR-00704,EQP-00576
SNR-00749,EQP-00577
SNR-00258,EQP-00577
SNR-00305,EQP-00578
SNR-00681,EQP-00578
SNR-00603,EQP-00579
SNR-00622,EQP-00580
SNR-00777,EQP-00580
SNR-00720,EQP-00581
SNR-00873,EQP-00582
SNR-00992,EQP-00583
SNR-00500,EQP-00583
SNR-00261,EQP-00583
SNR-00619,EQP-00584
SNR-00250,EQP-00585
SNR-00181,EQP-00586
SNR-00459,EQP-00586
SNR-00974,EQP-00587
SNR-00703,EQP-00588
SNR-00391,EQP-00588
SNR-01173,EQP-00589
SNR-00082,EQP-00589
SNR-01114,EQP-00590
SNR-00944,EQP-00590
SNR-00479,EQP-00591
SNR-00186,EQP-00591
SNR-00040,EQP-00592
SNR-01156,EQP-00593
SNR-00945,EQP-00593
SNR-00527,EQP-00594
SNR-00101,EQP-00595
SNR-00417,EQP-00596
SNR-00364,EQP-00597
SNR-00057,EQP-00598
SNR-00167,EQP-00599
SNR-00872,EQP-00599
SNR-01004,EQP-00600
SNR-00723,EQP-00601
SNR-00542,EQP-00602
SNR-01112,EQP-00602
SNR-00407,EQP-00603
SNR-00051,EQP-00604
SNR-00846,EQP-00604
SNR-00936,EQP-00604
SNR-01089,EQP-00605
SNR-00496,EQP-00605
SNR-01049,EQP-00606
SNR-00257,EQP-00606
SNR-00272,EQP-00606
SNR-00468,EQP-00607
SNR-00435,EQP-00608
SNR-01075,EQP-00608
SNR-00117,EQP-00609
SNR-00348,EQP-00609
SNR-00442,EQP-00610
SNR-00634,EQP-00611
SNR-00197,EQP-00612
SNR-00911,EQP-00612
SNR-00535,EQP-00613
SNR-00532,EQP-00613
SNR-00321,EQP-00614
SNR-00660,EQP-00614
SNR-00466,EQP-00615
SNR-00017,EQP-00616
SNR-00309,EQP-00617
SNR-00758,EQP-00617
SNR-00177,EQP-00618
SNR-00702,EQP-00619
SNR-00073,EQP-00620
SNR-00461,EQP-00620
SNR-00522,EQP-00621
SNR-00669,EQP-00622
SNR-00312,EQP-00623
SNR-00563,EQP-00624
SNR-00822,EQP-00625
SNR-00833,EQP-00625
SNR-00783,EQP-00626
SNR-00579,EQP-00626
SNR-00229,EQP-00627
SNR-00684,EQP-00627
SNR-00413,EQP-00627
SNR-00817,EQP-00628
SNR-01192,EQP-00628
SNR-00923,EQP-00629
SNR-00240,EQP-00630
SNR-00751,EQP-00630
SNR-00883,EQP-00630
SNR-00887,EQP-00631
SNR-00397,EQP-00632
SNR-00521,EQP-00633
SNR-00410,EQP-00634
SNR-00515,EQP-00635
SNR-00425,EQP-00636
SNR-01186,EQP-00636
SNR-01103,EQP-00636
SNR-00220,EQP-00637
SNR-00356,EQP-00638
SNR-00760,EQP-00638
SNR-00022,EQP-00638
SNR-00947,EQP-00639
SNR-00433,EQP-00639
SNR-00960,EQP-00640
SNR-01045,EQP-00641
SNR-00768,EQP-00641
SNR-00170,EQP-00641
SNR-00456,EQP-00642
SNR-00531,EQP-00642
SNR-00120,EQP-00643
SNR-00069,EQP-00644
SNR-01074,EQP-00645
SNR-00406,EQP-00646
SNR-00708,EQP-00647
SNR-01130,EQP-00648
SNR-00870,EQP-00648
SNR-01101,EQP-00648
SNR-00688,EQP-00649
SNR-00251,EQP-00649
SNR-00452,EQP-00650
SNR-00404,EQP-00650
SNR-00650,EQP-00651
SNR-00026,EQP-00652
SNR-01058,EQP-00652
SNR-00281,EQP-00653
SNR-00562,EQP-00653
SNR-00928,EQP-00653
SNR-01184,EQP-00654
SNR-00832,EQP-00655
SNR-00728,EQP-00655
SNR-01115,EQP-00656
SNR-00204,EQP-00656
SNR-00283,EQP-00657
SNR-00182,EQP-00658
SNR-01091,EQP-00659
SNR-00472,EQP-00660
SNR-00571,EQP-00661
SNR-00799,EQP-00661
SNR-00162,EQP-00662
SNR-00154,EQP-00663
SNR-00915,EQP-00663
SNR-01100,EQP-00663
SNR-00620,EQP-00664
SNR-00184,EQP-00665
SNR-00202,EQP-00666
SNR-01078,EQP-00666
SNR-00275,EQP-00666
SNR-00882,EQP-00667
SNR-00064,EQP-00667
SNR-00868,EQP-00668
SNR-00959,EQP-00668
SNR-00090,EQP-00668
SNR-00234,EQP-00669
SNR-00185,EQP-00670
SNR-00029,EQP-00671
SNR-01145,EQP-00671
SNR-00484,EQP-00672
SNR-00163,EQP-00673
SNR-00993,EQP-00674
SNR-01183,EQP-00674
SNR-00961,EQP-00674
SNR-00434,EQP-00675
SNR-00934,EQP-00675
SNR-00284,EQP-00675
SNR-00230,EQP-00676
SNR-00791,EQP-00676
SNR-00518,EQP-00676
SNR-00767,EQP-00677
SNR-00755,EQP-00677
SNR-00938,EQP-00678
SNR-00536,EQP-00678
SNR-00953,EQP-00679
SNR-00143,EQP-00679
SNR-00717,EQP-00679
SNR-01190,EQP-00680
SNR-00731,EQP-00681
SNR-00646,EQP-00682
SNR-00922,EQP-00682
SNR-01038,EQP-00683
SNR-01042,EQP-00683
SNR-00956,EQP-00684
SNR-00632,EQP-00685
SNR-00108,EQP-00685
SNR-00424,EQP-00685
SNR-00443,EQP-00686
SNR-00164,EQP-00686
SNR-00463,EQP-00687
SNR-00276,EQP-00688
SNR-00139,EQP-00688
SNR-00019,EQP-00689
SNR-00289,EQP-00689
SNR-01056,EQP-00690
SNR-00372,EQP-00690
SNR-00495,EQP-00690
SNR-00621,EQP-00691
SNR-00213,EQP-00692
SNR-00297,EQP-00693
SNR-00237,EQP-00693
SNR-00906,EQP-00693
SNR-01119,EQP-00694
SNR-00003,EQP-00695
SNR-00053,EQP-00696
SNR-00784,EQP-00697
SNR-00943,EQP-00698
SNR-00081,EQP-00699
SNR-00584,EQP-00699
SNR-01152,EQP-00699
SNR-00054,EQP-00700
SNR-01030,EQP-00701
SNR-00473,EQP-00701
SNR-00611,EQP-00702
SNR-01161,EQP-00703
SNR-00686,EQP-00703
SNR-00794,EQP-00703
SNR-00973,EQP-00704
SNR-00004,EQP-00705
SNR-00266,EQP-00706
SNR-00353,EQP-00707
SNR-00971,EQP-00707
SNR-00075,EQP-00707
SNR-00218,EQP-00708
SNR-00046,EQP-00709
SNR-00505,EQP-00709
SNR-00643,EQP-00710
SNR-00247,EQP-00711
SNR-01099,EQP-00712
SNR-00221,EQP-00712
SNR-01017,EQP-00713
SNR-00904,EQP-00714
SNR-00623,EQP-00714
SNR-00972,EQP-00715
SNR-00709,EQP-00715
SNR-00499,EQP-00715
SNR-00274,EQP-00716
SNR-00546,EQP-00717
SNR-00123,EQP-00718
SNR-00334,EQP-00719
SNR-00072,EQP-00719
SNR-00797,EQP-00720
SNR-00776,EQP-00720
SNR-00941,EQP-00721
SNR-00175,EQP-00721
SNR-00366,EQP-00722
SNR-00030,EQP-00722
SNR-00113,EQP-00722
